--Database seeding script, primarily to be used for testing.
--Horror show, generated in a spread sheet.

INSERT into users (email, password, user_level, creation_date, user_name) VALUES ('foo@bar.com', 'password', '0', '2016-01-02', 'root');


INSERT into list (list_id, name, creator_user, creation_date) VALUES (1, 'New Hampshire 4000 Footers', '1', '2016-01-02');
INSERT into list (list_id, name, creator_user, creation_date) VALUES (2, 'New England 4000 Footers', '1', '2016-01-02');
INSERT into list (list_id, name, creator_user, creation_date) VALUES (3, 'New England 100 highest', '1', '2016-01-02');
INSERT into list (list_id, name, creator_user, creation_date) VALUES (4, 'ADK 46rs', '1', '2016-01-02');


BEGIN; INSERT into pins (name, latitude, longitude, date_added, creator, pin_type) VALUES ( 'MT WASHINGTON','44.27056','-71.30389','2016-01-02', '1', 'peak'); SET @var_pin_id = LAST_INSERT_ID(); 	INSERT into peaks (pin_id, elevation_ft) VALUES (@var_pin_id, '6288');	INSERT into list_linker (list_id, user_id, pin_id, link_date) VALUES (1, '1', @var_pin_id, '2016-01-02');	INSERT into list_linker (list_id, user_id, pin_id, link_date) VALUES (2, '1', @var_pin_id, '2016-01-02');	INSERT into list_linker (list_id, user_id, pin_id, link_date) VALUES (3, '1', @var_pin_id, '2016-01-02');		COMMIT;
BEGIN; INSERT into pins (name, latitude, longitude, date_added, creator, pin_type) VALUES ( 'MT ADAMS ','44.32056','-71.29194','2016-01-02', '1', 'peak'); SET @var_pin_id = LAST_INSERT_ID(); 	INSERT into peaks (pin_id, elevation_ft) VALUES (@var_pin_id, '5774');	INSERT into list_linker (list_id, user_id, pin_id, link_date) VALUES (1, '1', @var_pin_id, '2016-01-02');	INSERT into list_linker (list_id, user_id, pin_id, link_date) VALUES (2, '1', @var_pin_id, '2016-01-02');	INSERT into list_linker (list_id, user_id, pin_id, link_date) VALUES (3, '1', @var_pin_id, '2016-01-02');		COMMIT;
BEGIN; INSERT into pins (name, latitude, longitude, date_added, creator, pin_type) VALUES ( 'MT JEFFERSON ','44.30417','-71.31722','2016-01-02', '1', 'peak'); SET @var_pin_id = LAST_INSERT_ID(); 	INSERT into peaks (pin_id, elevation_ft) VALUES (@var_pin_id, '5712');	INSERT into list_linker (list_id, user_id, pin_id, link_date) VALUES (1, '1', @var_pin_id, '2016-01-02');	INSERT into list_linker (list_id, user_id, pin_id, link_date) VALUES (2, '1', @var_pin_id, '2016-01-02');	INSERT into list_linker (list_id, user_id, pin_id, link_date) VALUES (3, '1', @var_pin_id, '2016-01-02');		COMMIT;
BEGIN; INSERT into pins (name, latitude, longitude, date_added, creator, pin_type) VALUES ( 'MT MONROE ','44.25528','-71.32167','2016-01-02', '1', 'peak'); SET @var_pin_id = LAST_INSERT_ID(); 	INSERT into peaks (pin_id, elevation_ft) VALUES (@var_pin_id, '5384');	INSERT into list_linker (list_id, user_id, pin_id, link_date) VALUES (1, '1', @var_pin_id, '2016-01-02');	INSERT into list_linker (list_id, user_id, pin_id, link_date) VALUES (2, '1', @var_pin_id, '2016-01-02');	INSERT into list_linker (list_id, user_id, pin_id, link_date) VALUES (3, '1', @var_pin_id, '2016-01-02');		COMMIT;
BEGIN; INSERT into pins (name, latitude, longitude, date_added, creator, pin_type) VALUES ( 'MT MADISON ','44.32861','-71.27722','2016-01-02', '1', 'peak'); SET @var_pin_id = LAST_INSERT_ID(); 	INSERT into peaks (pin_id, elevation_ft) VALUES (@var_pin_id, '5367');	INSERT into list_linker (list_id, user_id, pin_id, link_date) VALUES (1, '1', @var_pin_id, '2016-01-02');	INSERT into list_linker (list_id, user_id, pin_id, link_date) VALUES (2, '1', @var_pin_id, '2016-01-02');	INSERT into list_linker (list_id, user_id, pin_id, link_date) VALUES (3, '1', @var_pin_id, '2016-01-02');		COMMIT;
BEGIN; INSERT into pins (name, latitude, longitude, date_added, creator, pin_type) VALUES ( 'MT KATAHDIN, BAXTER PK','45.90417','-68.92194','2016-01-02', '1', 'peak'); SET @var_pin_id = LAST_INSERT_ID(); 	INSERT into peaks (pin_id, elevation_ft) VALUES (@var_pin_id, '5268');		INSERT into list_linker (list_id, user_id, pin_id, link_date) VALUES (2, '1', @var_pin_id, '2016-01-02');	INSERT into list_linker (list_id, user_id, pin_id, link_date) VALUES (3, '1', @var_pin_id, '2016-01-02');		COMMIT;
BEGIN; INSERT into pins (name, latitude, longitude, date_added, creator, pin_type) VALUES ( 'MT LAFAYETTE ','44.16056','-71.645','2016-01-02', '1', 'peak'); SET @var_pin_id = LAST_INSERT_ID(); 	INSERT into peaks (pin_id, elevation_ft) VALUES (@var_pin_id, '5260');	INSERT into list_linker (list_id, user_id, pin_id, link_date) VALUES (1, '1', @var_pin_id, '2016-01-02');	INSERT into list_linker (list_id, user_id, pin_id, link_date) VALUES (2, '1', @var_pin_id, '2016-01-02');	INSERT into list_linker (list_id, user_id, pin_id, link_date) VALUES (3, '1', @var_pin_id, '2016-01-02');		COMMIT;
BEGIN; INSERT into pins (name, latitude, longitude, date_added, creator, pin_type) VALUES ( 'MT LINCOLN ','44.14889','-71.645','2016-01-02', '1', 'peak'); SET @var_pin_id = LAST_INSERT_ID(); 	INSERT into peaks (pin_id, elevation_ft) VALUES (@var_pin_id, '5089');	INSERT into list_linker (list_id, user_id, pin_id, link_date) VALUES (1, '1', @var_pin_id, '2016-01-02');	INSERT into list_linker (list_id, user_id, pin_id, link_date) VALUES (2, '1', @var_pin_id, '2016-01-02');	INSERT into list_linker (list_id, user_id, pin_id, link_date) VALUES (3, '1', @var_pin_id, '2016-01-02');		COMMIT;
BEGIN; INSERT into pins (name, latitude, longitude, date_added, creator, pin_type) VALUES ( 'SOUTH TWIN MTN ','44.1875','-71.55528','2016-01-02', '1', 'peak'); SET @var_pin_id = LAST_INSERT_ID(); 	INSERT into peaks (pin_id, elevation_ft) VALUES (@var_pin_id, '4902');	INSERT into list_linker (list_id, user_id, pin_id, link_date) VALUES (1, '1', @var_pin_id, '2016-01-02');	INSERT into list_linker (list_id, user_id, pin_id, link_date) VALUES (2, '1', @var_pin_id, '2016-01-02');	INSERT into list_linker (list_id, user_id, pin_id, link_date) VALUES (3, '1', @var_pin_id, '2016-01-02');		COMMIT;
BEGIN; INSERT into pins (name, latitude, longitude, date_added, creator, pin_type) VALUES ( 'CARTER DOME ','44.26722','-71.17972','2016-01-02', '1', 'peak'); SET @var_pin_id = LAST_INSERT_ID(); 	INSERT into peaks (pin_id, elevation_ft) VALUES (@var_pin_id, '4832');	INSERT into list_linker (list_id, user_id, pin_id, link_date) VALUES (1, '1', @var_pin_id, '2016-01-02');	INSERT into list_linker (list_id, user_id, pin_id, link_date) VALUES (2, '1', @var_pin_id, '2016-01-02');	INSERT into list_linker (list_id, user_id, pin_id, link_date) VALUES (3, '1', @var_pin_id, '2016-01-02');		COMMIT;
BEGIN; INSERT into pins (name, latitude, longitude, date_added, creator, pin_type) VALUES ( 'MT MOOSILAUKE ','44.02333','-71.83194','2016-01-02', '1', 'peak'); SET @var_pin_id = LAST_INSERT_ID(); 	INSERT into peaks (pin_id, elevation_ft) VALUES (@var_pin_id, '4802');	INSERT into list_linker (list_id, user_id, pin_id, link_date) VALUES (1, '1', @var_pin_id, '2016-01-02');	INSERT into list_linker (list_id, user_id, pin_id, link_date) VALUES (2, '1', @var_pin_id, '2016-01-02');	INSERT into list_linker (list_id, user_id, pin_id, link_date) VALUES (3, '1', @var_pin_id, '2016-01-02');		COMMIT;
BEGIN; INSERT into pins (name, latitude, longitude, date_added, creator, pin_type) VALUES ( 'MT EISENHOWER','44.24056','-71.35083','2016-01-02', '1', 'peak'); SET @var_pin_id = LAST_INSERT_ID(); 	INSERT into peaks (pin_id, elevation_ft) VALUES (@var_pin_id, '4780');	INSERT into list_linker (list_id, user_id, pin_id, link_date) VALUES (1, '1', @var_pin_id, '2016-01-02');	INSERT into list_linker (list_id, user_id, pin_id, link_date) VALUES (2, '1', @var_pin_id, '2016-01-02');	INSERT into list_linker (list_id, user_id, pin_id, link_date) VALUES (3, '1', @var_pin_id, '2016-01-02');		COMMIT;
BEGIN; INSERT into pins (name, latitude, longitude, date_added, creator, pin_type) VALUES ( 'NORTH TWIN MTN ','44.2025','-71.55833','2016-01-02', '1', 'peak'); SET @var_pin_id = LAST_INSERT_ID(); 	INSERT into peaks (pin_id, elevation_ft) VALUES (@var_pin_id, '4761');	INSERT into list_linker (list_id, user_id, pin_id, link_date) VALUES (1, '1', @var_pin_id, '2016-01-02');	INSERT into list_linker (list_id, user_id, pin_id, link_date) VALUES (2, '1', @var_pin_id, '2016-01-02');	INSERT into list_linker (list_id, user_id, pin_id, link_date) VALUES (3, '1', @var_pin_id, '2016-01-02');		COMMIT;
BEGIN; INSERT into pins (name, latitude, longitude, date_added, creator, pin_type) VALUES ( 'MT KATAHDIN, HAMLIN PK ','45.92417','-68.92833','2016-01-02', '1', 'peak'); SET @var_pin_id = LAST_INSERT_ID(); 	INSERT into peaks (pin_id, elevation_ft) VALUES (@var_pin_id, '4756');		INSERT into list_linker (list_id, user_id, pin_id, link_date) VALUES (2, '1', @var_pin_id, '2016-01-02');	INSERT into list_linker (list_id, user_id, pin_id, link_date) VALUES (3, '1', @var_pin_id, '2016-01-02');		COMMIT;
BEGIN; INSERT into pins (name, latitude, longitude, date_added, creator, pin_type) VALUES ( 'MT CARRIGAIN ','44.09361','-71.4475','2016-01-02', '1', 'peak'); SET @var_pin_id = LAST_INSERT_ID(); 	INSERT into peaks (pin_id, elevation_ft) VALUES (@var_pin_id, '4700');	INSERT into list_linker (list_id, user_id, pin_id, link_date) VALUES (1, '1', @var_pin_id, '2016-01-02');	INSERT into list_linker (list_id, user_id, pin_id, link_date) VALUES (2, '1', @var_pin_id, '2016-01-02');	INSERT into list_linker (list_id, user_id, pin_id, link_date) VALUES (3, '1', @var_pin_id, '2016-01-02');		COMMIT;
BEGIN; INSERT into pins (name, latitude, longitude, date_added, creator, pin_type) VALUES ( 'MT BOND ','44.15306','-71.53167','2016-01-02', '1', 'peak'); SET @var_pin_id = LAST_INSERT_ID(); 	INSERT into peaks (pin_id, elevation_ft) VALUES (@var_pin_id, '4698');	INSERT into list_linker (list_id, user_id, pin_id, link_date) VALUES (1, '1', @var_pin_id, '2016-01-02');	INSERT into list_linker (list_id, user_id, pin_id, link_date) VALUES (2, '1', @var_pin_id, '2016-01-02');	INSERT into list_linker (list_id, user_id, pin_id, link_date) VALUES (3, '1', @var_pin_id, '2016-01-02');		COMMIT;
BEGIN; INSERT into pins (name, latitude, longitude, date_added, creator, pin_type) VALUES ( 'MIDDLE CARTER MTN ','44.30306','-71.16833','2016-01-02', '1', 'peak'); SET @var_pin_id = LAST_INSERT_ID(); 	INSERT into peaks (pin_id, elevation_ft) VALUES (@var_pin_id, '4610');	INSERT into list_linker (list_id, user_id, pin_id, link_date) VALUES (1, '1', @var_pin_id, '2016-01-02');	INSERT into list_linker (list_id, user_id, pin_id, link_date) VALUES (2, '1', @var_pin_id, '2016-01-02');	INSERT into list_linker (list_id, user_id, pin_id, link_date) VALUES (3, '1', @var_pin_id, '2016-01-02');		COMMIT;
BEGIN; INSERT into pins (name, latitude, longitude, date_added, creator, pin_type) VALUES ( 'MT GUYOT ','44.16806','-71.53444','2016-01-02', '1', 'peak'); SET @var_pin_id = LAST_INSERT_ID(); 	INSERT into peaks (pin_id, elevation_ft) VALUES (@var_pin_id, '4580');	INSERT into list_linker (list_id, user_id, pin_id, link_date) VALUES (1, '1', @var_pin_id, '2016-01-02');	INSERT into list_linker (list_id, user_id, pin_id, link_date) VALUES (2, '1', @var_pin_id, '2016-01-02');	INSERT into list_linker (list_id, user_id, pin_id, link_date) VALUES (3, '1', @var_pin_id, '2016-01-02');		COMMIT;
BEGIN; INSERT into pins (name, latitude, longitude, date_added, creator, pin_type) VALUES ( 'MT BOND (W PK) ','44.15472','-71.54389','2016-01-02', '1', 'peak'); SET @var_pin_id = LAST_INSERT_ID(); 	INSERT into peaks (pin_id, elevation_ft) VALUES (@var_pin_id, '4540');	INSERT into list_linker (list_id, user_id, pin_id, link_date) VALUES (1, '1', @var_pin_id, '2016-01-02');	INSERT into list_linker (list_id, user_id, pin_id, link_date) VALUES (2, '1', @var_pin_id, '2016-01-02');	INSERT into list_linker (list_id, user_id, pin_id, link_date) VALUES (3, '1', @var_pin_id, '2016-01-02');		COMMIT;
BEGIN; INSERT into pins (name, latitude, longitude, date_added, creator, pin_type) VALUES ( 'MT GARFIELD ','44.18722','-71.61111','2016-01-02', '1', 'peak'); SET @var_pin_id = LAST_INSERT_ID(); 	INSERT into peaks (pin_id, elevation_ft) VALUES (@var_pin_id, '4500');	INSERT into list_linker (list_id, user_id, pin_id, link_date) VALUES (1, '1', @var_pin_id, '2016-01-02');	INSERT into list_linker (list_id, user_id, pin_id, link_date) VALUES (2, '1', @var_pin_id, '2016-01-02');	INSERT into list_linker (list_id, user_id, pin_id, link_date) VALUES (3, '1', @var_pin_id, '2016-01-02');		COMMIT;
BEGIN; INSERT into pins (name, latitude, longitude, date_added, creator, pin_type) VALUES ( 'MT LIBERTY ','44.11583','-71.64278','2016-01-02', '1', 'peak'); SET @var_pin_id = LAST_INSERT_ID(); 	INSERT into peaks (pin_id, elevation_ft) VALUES (@var_pin_id, '4459');	INSERT into list_linker (list_id, user_id, pin_id, link_date) VALUES (1, '1', @var_pin_id, '2016-01-02');	INSERT into list_linker (list_id, user_id, pin_id, link_date) VALUES (2, '1', @var_pin_id, '2016-01-02');	INSERT into list_linker (list_id, user_id, pin_id, link_date) VALUES (3, '1', @var_pin_id, '2016-01-02');		COMMIT;
BEGIN; INSERT into pins (name, latitude, longitude, date_added, creator, pin_type) VALUES ( 'SOUTH CARTER MTN ','44.28972','-71.17694','2016-01-02', '1', 'peak'); SET @var_pin_id = LAST_INSERT_ID(); 	INSERT into peaks (pin_id, elevation_ft) VALUES (@var_pin_id, '4430');	INSERT into list_linker (list_id, user_id, pin_id, link_date) VALUES (1, '1', @var_pin_id, '2016-01-02');	INSERT into list_linker (list_id, user_id, pin_id, link_date) VALUES (2, '1', @var_pin_id, '2016-01-02');	INSERT into list_linker (list_id, user_id, pin_id, link_date) VALUES (3, '1', @var_pin_id, '2016-01-02');		COMMIT;
BEGIN; INSERT into pins (name, latitude, longitude, date_added, creator, pin_type) VALUES ( 'WILDCAT MTN','44.25917','-71.20222','2016-01-02', '1', 'peak'); SET @var_pin_id = LAST_INSERT_ID(); 	INSERT into peaks (pin_id, elevation_ft) VALUES (@var_pin_id, '4422');	INSERT into list_linker (list_id, user_id, pin_id, link_date) VALUES (1, '1', @var_pin_id, '2016-01-02');	INSERT into list_linker (list_id, user_id, pin_id, link_date) VALUES (2, '1', @var_pin_id, '2016-01-02');	INSERT into list_linker (list_id, user_id, pin_id, link_date) VALUES (3, '1', @var_pin_id, '2016-01-02');		COMMIT;
BEGIN; INSERT into pins (name, latitude, longitude, date_added, creator, pin_type) VALUES ( 'MT HANCOCK ','44.08333','-71.49389','2016-01-02', '1', 'peak'); SET @var_pin_id = LAST_INSERT_ID(); 	INSERT into peaks (pin_id, elevation_ft) VALUES (@var_pin_id, '4420');	INSERT into list_linker (list_id, user_id, pin_id, link_date) VALUES (1, '1', @var_pin_id, '2016-01-02');	INSERT into list_linker (list_id, user_id, pin_id, link_date) VALUES (2, '1', @var_pin_id, '2016-01-02');	INSERT into list_linker (list_id, user_id, pin_id, link_date) VALUES (3, '1', @var_pin_id, '2016-01-02');		COMMIT;
BEGIN; INSERT into pins (name, latitude, longitude, date_added, creator, pin_type) VALUES ( 'MT MANSFIELD, THE CHIN ','44.54361','-72.81472','2016-01-02', '1', 'peak'); SET @var_pin_id = LAST_INSERT_ID(); 	INSERT into peaks (pin_id, elevation_ft) VALUES (@var_pin_id, '4393');		INSERT into list_linker (list_id, user_id, pin_id, link_date) VALUES (2, '1', @var_pin_id, '2016-01-02');	INSERT into list_linker (list_id, user_id, pin_id, link_date) VALUES (3, '1', @var_pin_id, '2016-01-02');		COMMIT;
BEGIN; INSERT into pins (name, latitude, longitude, date_added, creator, pin_type) VALUES ( 'KINSMAN MTN, S PK ','44.12278','-71.73694','2016-01-02', '1', 'peak'); SET @var_pin_id = LAST_INSERT_ID(); 	INSERT into peaks (pin_id, elevation_ft) VALUES (@var_pin_id, '4358');	INSERT into list_linker (list_id, user_id, pin_id, link_date) VALUES (1, '1', @var_pin_id, '2016-01-02');	INSERT into list_linker (list_id, user_id, pin_id, link_date) VALUES (2, '1', @var_pin_id, '2016-01-02');	INSERT into list_linker (list_id, user_id, pin_id, link_date) VALUES (3, '1', @var_pin_id, '2016-01-02');		COMMIT;
BEGIN; INSERT into pins (name, latitude, longitude, date_added, creator, pin_type) VALUES ( 'MT FIELD ','44.19611','-71.43389','2016-01-02', '1', 'peak'); SET @var_pin_id = LAST_INSERT_ID(); 	INSERT into peaks (pin_id, elevation_ft) VALUES (@var_pin_id, '4340');	INSERT into list_linker (list_id, user_id, pin_id, link_date) VALUES (1, '1', @var_pin_id, '2016-01-02');	INSERT into list_linker (list_id, user_id, pin_id, link_date) VALUES (2, '1', @var_pin_id, '2016-01-02');	INSERT into list_linker (list_id, user_id, pin_id, link_date) VALUES (3, '1', @var_pin_id, '2016-01-02');		COMMIT;
BEGIN; INSERT into pins (name, latitude, longitude, date_added, creator, pin_type) VALUES ( 'MT OSCEOLA ','44.00167','-71.53639','2016-01-02', '1', 'peak'); SET @var_pin_id = LAST_INSERT_ID(); 	INSERT into peaks (pin_id, elevation_ft) VALUES (@var_pin_id, '4340');	INSERT into list_linker (list_id, user_id, pin_id, link_date) VALUES (1, '1', @var_pin_id, '2016-01-02');	INSERT into list_linker (list_id, user_id, pin_id, link_date) VALUES (2, '1', @var_pin_id, '2016-01-02');	INSERT into list_linker (list_id, user_id, pin_id, link_date) VALUES (3, '1', @var_pin_id, '2016-01-02');		COMMIT;
BEGIN; INSERT into pins (name, latitude, longitude, date_added, creator, pin_type) VALUES ( 'MT FLUME ','44.10861','-71.62861','2016-01-02', '1', 'peak'); SET @var_pin_id = LAST_INSERT_ID(); 	INSERT into peaks (pin_id, elevation_ft) VALUES (@var_pin_id, '4328');	INSERT into list_linker (list_id, user_id, pin_id, link_date) VALUES (1, '1', @var_pin_id, '2016-01-02');	INSERT into list_linker (list_id, user_id, pin_id, link_date) VALUES (2, '1', @var_pin_id, '2016-01-02');	INSERT into list_linker (list_id, user_id, pin_id, link_date) VALUES (3, '1', @var_pin_id, '2016-01-02');		COMMIT;
BEGIN; INSERT into pins (name, latitude, longitude, date_added, creator, pin_type) VALUES ( 'MT HANCOCK (S PK) ','44.07333','-71.4875','2016-01-02', '1', 'peak'); SET @var_pin_id = LAST_INSERT_ID(); 	INSERT into peaks (pin_id, elevation_ft) VALUES (@var_pin_id, '4319');	INSERT into list_linker (list_id, user_id, pin_id, link_date) VALUES (1, '1', @var_pin_id, '2016-01-02');	INSERT into list_linker (list_id, user_id, pin_id, link_date) VALUES (2, '1', @var_pin_id, '2016-01-02');	INSERT into list_linker (list_id, user_id, pin_id, link_date) VALUES (3, '1', @var_pin_id, '2016-01-02');		COMMIT;
BEGIN; INSERT into pins (name, latitude, longitude, date_added, creator, pin_type) VALUES ( 'MT PIERCE [MT CLINTON] ','44.22694','-71.36611','2016-01-02', '1', 'peak'); SET @var_pin_id = LAST_INSERT_ID(); 	INSERT into peaks (pin_id, elevation_ft) VALUES (@var_pin_id, '4310');	INSERT into list_linker (list_id, user_id, pin_id, link_date) VALUES (1, '1', @var_pin_id, '2016-01-02');	INSERT into list_linker (list_id, user_id, pin_id, link_date) VALUES (2, '1', @var_pin_id, '2016-01-02');	INSERT into list_linker (list_id, user_id, pin_id, link_date) VALUES (3, '1', @var_pin_id, '2016-01-02');		COMMIT;
BEGIN; INSERT into pins (name, latitude, longitude, date_added, creator, pin_type) VALUES ( 'KINSMAN MTN, N PK ','44.13333','-71.73722','2016-01-02', '1', 'peak'); SET @var_pin_id = LAST_INSERT_ID(); 	INSERT into peaks (pin_id, elevation_ft) VALUES (@var_pin_id, '4293');	INSERT into list_linker (list_id, user_id, pin_id, link_date) VALUES (1, '1', @var_pin_id, '2016-01-02');	INSERT into list_linker (list_id, user_id, pin_id, link_date) VALUES (2, '1', @var_pin_id, '2016-01-02');	INSERT into list_linker (list_id, user_id, pin_id, link_date) VALUES (3, '1', @var_pin_id, '2016-01-02');		COMMIT;
BEGIN; INSERT into pins (name, latitude, longitude, date_added, creator, pin_type) VALUES ( 'MT WILLEY ','44.18333','-71.42167','2016-01-02', '1', 'peak'); SET @var_pin_id = LAST_INSERT_ID(); 	INSERT into peaks (pin_id, elevation_ft) VALUES (@var_pin_id, '4285');	INSERT into list_linker (list_id, user_id, pin_id, link_date) VALUES (1, '1', @var_pin_id, '2016-01-02');	INSERT into list_linker (list_id, user_id, pin_id, link_date) VALUES (2, '1', @var_pin_id, '2016-01-02');	INSERT into list_linker (list_id, user_id, pin_id, link_date) VALUES (3, '1', @var_pin_id, '2016-01-02');		COMMIT;
BEGIN; INSERT into pins (name, latitude, longitude, date_added, creator, pin_type) VALUES ( 'MT BOND, THE CLIFFS ','44.14056','-71.54111','2016-01-02', '1', 'peak'); SET @var_pin_id = LAST_INSERT_ID(); 	INSERT into peaks (pin_id, elevation_ft) VALUES (@var_pin_id, '4265');	INSERT into list_linker (list_id, user_id, pin_id, link_date) VALUES (1, '1', @var_pin_id, '2016-01-02');	INSERT into list_linker (list_id, user_id, pin_id, link_date) VALUES (2, '1', @var_pin_id, '2016-01-02');	INSERT into list_linker (list_id, user_id, pin_id, link_date) VALUES (3, '1', @var_pin_id, '2016-01-02');		COMMIT;
BEGIN; INSERT into pins (name, latitude, longitude, date_added, creator, pin_type) VALUES ( 'ZEALAND RIDGE ','44.17972','-71.52194','2016-01-02', '1', 'peak'); SET @var_pin_id = LAST_INSERT_ID(); 	INSERT into peaks (pin_id, elevation_ft) VALUES (@var_pin_id, '4260');	INSERT into list_linker (list_id, user_id, pin_id, link_date) VALUES (1, '1', @var_pin_id, '2016-01-02');	INSERT into list_linker (list_id, user_id, pin_id, link_date) VALUES (2, '1', @var_pin_id, '2016-01-02');	INSERT into list_linker (list_id, user_id, pin_id, link_date) VALUES (3, '1', @var_pin_id, '2016-01-02');		COMMIT;
BEGIN; INSERT into pins (name, latitude, longitude, date_added, creator, pin_type) VALUES ( 'SUGARLOAF MTN ','45.03167','-70.31361','2016-01-02', '1', 'peak'); SET @var_pin_id = LAST_INSERT_ID(); 	INSERT into peaks (pin_id, elevation_ft) VALUES (@var_pin_id, '4250');		INSERT into list_linker (list_id, user_id, pin_id, link_date) VALUES (2, '1', @var_pin_id, '2016-01-02');	INSERT into list_linker (list_id, user_id, pin_id, link_date) VALUES (3, '1', @var_pin_id, '2016-01-02');		COMMIT;
BEGIN; INSERT into pins (name, latitude, longitude, date_added, creator, pin_type) VALUES ( 'KILLINGTON PK ','43.60444','-72.82056','2016-01-02', '1', 'peak'); SET @var_pin_id = LAST_INSERT_ID(); 	INSERT into peaks (pin_id, elevation_ft) VALUES (@var_pin_id, '4235');		INSERT into list_linker (list_id, user_id, pin_id, link_date) VALUES (2, '1', @var_pin_id, '2016-01-02');	INSERT into list_linker (list_id, user_id, pin_id, link_date) VALUES (3, '1', @var_pin_id, '2016-01-02');		COMMIT;
BEGIN; INSERT into pins (name, latitude, longitude, date_added, creator, pin_type) VALUES ( 'CROCKER MTN ','45.04694','-70.38333','2016-01-02', '1', 'peak'); SET @var_pin_id = LAST_INSERT_ID(); 	INSERT into peaks (pin_id, elevation_ft) VALUES (@var_pin_id, '4228');		INSERT into list_linker (list_id, user_id, pin_id, link_date) VALUES (2, '1', @var_pin_id, '2016-01-02');	INSERT into list_linker (list_id, user_id, pin_id, link_date) VALUES (3, '1', @var_pin_id, '2016-01-02');		COMMIT;
BEGIN; INSERT into pins (name, latitude, longitude, date_added, creator, pin_type) VALUES ( 'MT TRIPYRAMID, N PK ','43.97306','-71.44333','2016-01-02', '1', 'peak'); SET @var_pin_id = LAST_INSERT_ID(); 	INSERT into peaks (pin_id, elevation_ft) VALUES (@var_pin_id, '4180');	INSERT into list_linker (list_id, user_id, pin_id, link_date) VALUES (1, '1', @var_pin_id, '2016-01-02');	INSERT into list_linker (list_id, user_id, pin_id, link_date) VALUES (2, '1', @var_pin_id, '2016-01-02');	INSERT into list_linker (list_id, user_id, pin_id, link_date) VALUES (3, '1', @var_pin_id, '2016-01-02');		COMMIT;
BEGIN; INSERT into pins (name, latitude, longitude, date_added, creator, pin_type) VALUES ( 'MT CABOT ','44.50583','-71.41472','2016-01-02', '1', 'peak'); SET @var_pin_id = LAST_INSERT_ID(); 	INSERT into peaks (pin_id, elevation_ft) VALUES (@var_pin_id, '4170');	INSERT into list_linker (list_id, user_id, pin_id, link_date) VALUES (1, '1', @var_pin_id, '2016-01-02');	INSERT into list_linker (list_id, user_id, pin_id, link_date) VALUES (2, '1', @var_pin_id, '2016-01-02');	INSERT into list_linker (list_id, user_id, pin_id, link_date) VALUES (3, '1', @var_pin_id, '2016-01-02');		COMMIT;
BEGIN; INSERT into pins (name, latitude, longitude, date_added, creator, pin_type) VALUES ( 'OLD SPECK MTN ','44.57083','-70.95417','2016-01-02', '1', 'peak'); SET @var_pin_id = LAST_INSERT_ID(); 	INSERT into peaks (pin_id, elevation_ft) VALUES (@var_pin_id, '4170');		INSERT into list_linker (list_id, user_id, pin_id, link_date) VALUES (2, '1', @var_pin_id, '2016-01-02');	INSERT into list_linker (list_id, user_id, pin_id, link_date) VALUES (3, '1', @var_pin_id, '2016-01-02');		COMMIT;
BEGIN; INSERT into pins (name, latitude, longitude, date_added, creator, pin_type) VALUES ( 'MT OSCEOLA, E PK ','44.00611','-71.52111','2016-01-02', '1', 'peak'); SET @var_pin_id = LAST_INSERT_ID(); 	INSERT into peaks (pin_id, elevation_ft) VALUES (@var_pin_id, '4156');	INSERT into list_linker (list_id, user_id, pin_id, link_date) VALUES (1, '1', @var_pin_id, '2016-01-02');	INSERT into list_linker (list_id, user_id, pin_id, link_date) VALUES (2, '1', @var_pin_id, '2016-01-02');	INSERT into list_linker (list_id, user_id, pin_id, link_date) VALUES (3, '1', @var_pin_id, '2016-01-02');		COMMIT;
BEGIN; INSERT into pins (name, latitude, longitude, date_added, creator, pin_type) VALUES ( 'NORTH BROTHER ','45.95694','-68.98583','2016-01-02', '1', 'peak'); SET @var_pin_id = LAST_INSERT_ID(); 	INSERT into peaks (pin_id, elevation_ft) VALUES (@var_pin_id, '4151');		INSERT into list_linker (list_id, user_id, pin_id, link_date) VALUES (2, '1', @var_pin_id, '2016-01-02');	INSERT into list_linker (list_id, user_id, pin_id, link_date) VALUES (3, '1', @var_pin_id, '2016-01-02');		COMMIT;
BEGIN; INSERT into pins (name, latitude, longitude, date_added, creator, pin_type) VALUES ( 'BIGELOW MTN, WEST PK ','45.14667','-70.28861','2016-01-02', '1', 'peak'); SET @var_pin_id = LAST_INSERT_ID(); 	INSERT into peaks (pin_id, elevation_ft) VALUES (@var_pin_id, '4145');		INSERT into list_linker (list_id, user_id, pin_id, link_date) VALUES (2, '1', @var_pin_id, '2016-01-02');	INSERT into list_linker (list_id, user_id, pin_id, link_date) VALUES (3, '1', @var_pin_id, '2016-01-02');		COMMIT;
BEGIN; INSERT into pins (name, latitude, longitude, date_added, creator, pin_type) VALUES ( 'MT TRIPYRAMID, M PK ','43.96444','-71.44056','2016-01-02', '1', 'peak'); SET @var_pin_id = LAST_INSERT_ID(); 	INSERT into peaks (pin_id, elevation_ft) VALUES (@var_pin_id, '4140');	INSERT into list_linker (list_id, user_id, pin_id, link_date) VALUES (1, '1', @var_pin_id, '2016-01-02');	INSERT into list_linker (list_id, user_id, pin_id, link_date) VALUES (2, '1', @var_pin_id, '2016-01-02');	INSERT into list_linker (list_id, user_id, pin_id, link_date) VALUES (3, '1', @var_pin_id, '2016-01-02');		COMMIT;
BEGIN; INSERT into pins (name, latitude, longitude, date_added, creator, pin_type) VALUES ( 'SADDLEBACK MTN ','44.93639','-70.505','2016-01-02', '1', 'peak'); SET @var_pin_id = LAST_INSERT_ID(); 	INSERT into peaks (pin_id, elevation_ft) VALUES (@var_pin_id, '4120');		INSERT into list_linker (list_id, user_id, pin_id, link_date) VALUES (2, '1', @var_pin_id, '2016-01-02');	INSERT into list_linker (list_id, user_id, pin_id, link_date) VALUES (3, '1', @var_pin_id, '2016-01-02');		COMMIT;
BEGIN; INSERT into pins (name, latitude, longitude, date_added, creator, pin_type) VALUES ( 'CANNON MTN [PROFILE MTN] ','44.15667','-71.69944','2016-01-02', '1', 'peak'); SET @var_pin_id = LAST_INSERT_ID(); 	INSERT into peaks (pin_id, elevation_ft) VALUES (@var_pin_id, '4100');	INSERT into list_linker (list_id, user_id, pin_id, link_date) VALUES (1, '1', @var_pin_id, '2016-01-02');	INSERT into list_linker (list_id, user_id, pin_id, link_date) VALUES (2, '1', @var_pin_id, '2016-01-02');	INSERT into list_linker (list_id, user_id, pin_id, link_date) VALUES (3, '1', @var_pin_id, '2016-01-02');		COMMIT;
BEGIN; INSERT into pins (name, latitude, longitude, date_added, creator, pin_type) VALUES ( 'BIGELOW MTN, AVERY PK ','45.14667','-70.27583','2016-01-02', '1', 'peak'); SET @var_pin_id = LAST_INSERT_ID(); 	INSERT into peaks (pin_id, elevation_ft) VALUES (@var_pin_id, '4090');		INSERT into list_linker (list_id, user_id, pin_id, link_date) VALUES (2, '1', @var_pin_id, '2016-01-02');	INSERT into list_linker (list_id, user_id, pin_id, link_date) VALUES (3, '1', @var_pin_id, '2016-01-02');		COMMIT;
BEGIN; INSERT into pins (name, latitude, longitude, date_added, creator, pin_type) VALUES ( 'CAMELS HUMP ','44.31944','-72.88667','2016-01-02', '1', 'peak'); SET @var_pin_id = LAST_INSERT_ID(); 	INSERT into peaks (pin_id, elevation_ft) VALUES (@var_pin_id, '4090');		INSERT into list_linker (list_id, user_id, pin_id, link_date) VALUES (2, '1', @var_pin_id, '2016-01-02');	INSERT into list_linker (list_id, user_id, pin_id, link_date) VALUES (3, '1', @var_pin_id, '2016-01-02');		COMMIT;
BEGIN; INSERT into pins (name, latitude, longitude, date_added, creator, pin_type) VALUES ( 'MT ELLEN ','44.15972','-72.92917','2016-01-02', '1', 'peak'); SET @var_pin_id = LAST_INSERT_ID(); 	INSERT into peaks (pin_id, elevation_ft) VALUES (@var_pin_id, '4083');		INSERT into list_linker (list_id, user_id, pin_id, link_date) VALUES (2, '1', @var_pin_id, '2016-01-02');	INSERT into list_linker (list_id, user_id, pin_id, link_date) VALUES (3, '1', @var_pin_id, '2016-01-02');		COMMIT;
BEGIN; INSERT into pins (name, latitude, longitude, date_added, creator, pin_type) VALUES ( 'WILDCAT RIDGE ('D' PK) ','44.24917','-71.22417','2016-01-02', '1', 'peak'); SET @var_pin_id = LAST_INSERT_ID(); 	INSERT into peaks (pin_id, elevation_ft) VALUES (@var_pin_id, '4070');	INSERT into list_linker (list_id, user_id, pin_id, link_date) VALUES (1, '1', @var_pin_id, '2016-01-02');	INSERT into list_linker (list_id, user_id, pin_id, link_date) VALUES (2, '1', @var_pin_id, '2016-01-02');	INSERT into list_linker (list_id, user_id, pin_id, link_date) VALUES (3, '1', @var_pin_id, '2016-01-02');		COMMIT;
BEGIN; INSERT into pins (name, latitude, longitude, date_added, creator, pin_type) VALUES ( 'MT HALE ','44.22167','-71.5125','2016-01-02', '1', 'peak'); SET @var_pin_id = LAST_INSERT_ID(); 	INSERT into peaks (pin_id, elevation_ft) VALUES (@var_pin_id, '4054');	INSERT into list_linker (list_id, user_id, pin_id, link_date) VALUES (1, '1', @var_pin_id, '2016-01-02');	INSERT into list_linker (list_id, user_id, pin_id, link_date) VALUES (2, '1', @var_pin_id, '2016-01-02');	INSERT into list_linker (list_id, user_id, pin_id, link_date) VALUES (3, '1', @var_pin_id, '2016-01-02');		COMMIT;
BEGIN; INSERT into pins (name, latitude, longitude, date_added, creator, pin_type) VALUES ( 'MT JACKSON ','44.20306','-71.37583','2016-01-02', '1', 'peak'); SET @var_pin_id = LAST_INSERT_ID(); 	INSERT into peaks (pin_id, elevation_ft) VALUES (@var_pin_id, '4052');	INSERT into list_linker (list_id, user_id, pin_id, link_date) VALUES (1, '1', @var_pin_id, '2016-01-02');	INSERT into list_linker (list_id, user_id, pin_id, link_date) VALUES (2, '1', @var_pin_id, '2016-01-02');	INSERT into list_linker (list_id, user_id, pin_id, link_date) VALUES (3, '1', @var_pin_id, '2016-01-02');		COMMIT;
BEGIN; INSERT into pins (name, latitude, longitude, date_added, creator, pin_type) VALUES ( 'MT TOM ','44.21028','-71.44667','2016-01-02', '1', 'peak'); SET @var_pin_id = LAST_INSERT_ID(); 	INSERT into peaks (pin_id, elevation_ft) VALUES (@var_pin_id, '4051');	INSERT into list_linker (list_id, user_id, pin_id, link_date) VALUES (1, '1', @var_pin_id, '2016-01-02');	INSERT into list_linker (list_id, user_id, pin_id, link_date) VALUES (2, '1', @var_pin_id, '2016-01-02');	INSERT into list_linker (list_id, user_id, pin_id, link_date) VALUES (3, '1', @var_pin_id, '2016-01-02');		COMMIT;
BEGIN; INSERT into pins (name, latitude, longitude, date_added, creator, pin_type) VALUES ( 'MT ABRAHAM ','44.97278','-70.32694','2016-01-02', '1', 'peak'); SET @var_pin_id = LAST_INSERT_ID(); 	INSERT into peaks (pin_id, elevation_ft) VALUES (@var_pin_id, '4050');		INSERT into list_linker (list_id, user_id, pin_id, link_date) VALUES (2, '1', @var_pin_id, '2016-01-02');	INSERT into list_linker (list_id, user_id, pin_id, link_date) VALUES (3, '1', @var_pin_id, '2016-01-02');		COMMIT;
BEGIN; INSERT into pins (name, latitude, longitude, date_added, creator, pin_type) VALUES ( 'SOUTH CROCKER MTN ','45.03611','-70.37639','2016-01-02', '1', 'peak'); SET @var_pin_id = LAST_INSERT_ID(); 	INSERT into peaks (pin_id, elevation_ft) VALUES (@var_pin_id, '4050');		INSERT into list_linker (list_id, user_id, pin_id, link_date) VALUES (2, '1', @var_pin_id, '2016-01-02');	INSERT into list_linker (list_id, user_id, pin_id, link_date) VALUES (3, '1', @var_pin_id, '2016-01-02');		COMMIT;
BEGIN; INSERT into pins (name, latitude, longitude, date_added, creator, pin_type) VALUES ( 'MT MORIAH ','44.34028','-71.13222','2016-01-02', '1', 'peak'); SET @var_pin_id = LAST_INSERT_ID(); 	INSERT into peaks (pin_id, elevation_ft) VALUES (@var_pin_id, '4049');	INSERT into list_linker (list_id, user_id, pin_id, link_date) VALUES (1, '1', @var_pin_id, '2016-01-02');	INSERT into list_linker (list_id, user_id, pin_id, link_date) VALUES (2, '1', @var_pin_id, '2016-01-02');	INSERT into list_linker (list_id, user_id, pin_id, link_date) VALUES (3, '1', @var_pin_id, '2016-01-02');		COMMIT;
BEGIN; INSERT into pins (name, latitude, longitude, date_added, creator, pin_type) VALUES ( 'MT PASSACONAWAY ','43.95472','-71.38111','2016-01-02', '1', 'peak'); SET @var_pin_id = LAST_INSERT_ID(); 	INSERT into peaks (pin_id, elevation_ft) VALUES (@var_pin_id, '4043');	INSERT into list_linker (list_id, user_id, pin_id, link_date) VALUES (1, '1', @var_pin_id, '2016-01-02');	INSERT into list_linker (list_id, user_id, pin_id, link_date) VALUES (2, '1', @var_pin_id, '2016-01-02');	INSERT into list_linker (list_id, user_id, pin_id, link_date) VALUES (3, '1', @var_pin_id, '2016-01-02');		COMMIT;
BEGIN; INSERT into pins (name, latitude, longitude, date_added, creator, pin_type) VALUES ( 'SADDLEBACK MTN, THE HORN ','44.95111','-70.4875','2016-01-02', '1', 'peak'); SET @var_pin_id = LAST_INSERT_ID(); 	INSERT into peaks (pin_id, elevation_ft) VALUES (@var_pin_id, '4041');		INSERT into list_linker (list_id, user_id, pin_id, link_date) VALUES (2, '1', @var_pin_id, '2016-01-02');	INSERT into list_linker (list_id, user_id, pin_id, link_date) VALUES (3, '1', @var_pin_id, '2016-01-02');		COMMIT;
BEGIN; INSERT into pins (name, latitude, longitude, date_added, creator, pin_type) VALUES ( '[OWLS HEAD MTN] ','44.14417','-71.60556','2016-01-02', '1', 'peak'); SET @var_pin_id = LAST_INSERT_ID(); 	INSERT into peaks (pin_id, elevation_ft) VALUES (@var_pin_id, '4025');	INSERT into list_linker (list_id, user_id, pin_id, link_date) VALUES (1, '1', @var_pin_id, '2016-01-02');	INSERT into list_linker (list_id, user_id, pin_id, link_date) VALUES (2, '1', @var_pin_id, '2016-01-02');	INSERT into list_linker (list_id, user_id, pin_id, link_date) VALUES (3, '1', @var_pin_id, '2016-01-02');		COMMIT;
BEGIN; INSERT into pins (name, latitude, longitude, date_added, creator, pin_type) VALUES ( '[GALEHEAD MTN] ','44.185','-71.57389','2016-01-02', '1', 'peak'); SET @var_pin_id = LAST_INSERT_ID(); 	INSERT into peaks (pin_id, elevation_ft) VALUES (@var_pin_id, '4024');	INSERT into list_linker (list_id, user_id, pin_id, link_date) VALUES (1, '1', @var_pin_id, '2016-01-02');	INSERT into list_linker (list_id, user_id, pin_id, link_date) VALUES (2, '1', @var_pin_id, '2016-01-02');	INSERT into list_linker (list_id, user_id, pin_id, link_date) VALUES (3, '1', @var_pin_id, '2016-01-02');		COMMIT;
BEGIN; INSERT into pins (name, latitude, longitude, date_added, creator, pin_type) VALUES ( 'MT WHITEFACE ','43.93667','-71.40806','2016-01-02', '1', 'peak'); SET @var_pin_id = LAST_INSERT_ID(); 	INSERT into peaks (pin_id, elevation_ft) VALUES (@var_pin_id, '4020');	INSERT into list_linker (list_id, user_id, pin_id, link_date) VALUES (1, '1', @var_pin_id, '2016-01-02');	INSERT into list_linker (list_id, user_id, pin_id, link_date) VALUES (2, '1', @var_pin_id, '2016-01-02');	INSERT into list_linker (list_id, user_id, pin_id, link_date) VALUES (3, '1', @var_pin_id, '2016-01-02');		COMMIT;
BEGIN; INSERT into pins (name, latitude, longitude, date_added, creator, pin_type) VALUES ( 'MT REDINGTON ','45.025','-70.38917','2016-01-02', '1', 'peak'); SET @var_pin_id = LAST_INSERT_ID(); 	INSERT into peaks (pin_id, elevation_ft) VALUES (@var_pin_id, '4010');		INSERT into list_linker (list_id, user_id, pin_id, link_date) VALUES (2, '1', @var_pin_id, '2016-01-02');	INSERT into list_linker (list_id, user_id, pin_id, link_date) VALUES (3, '1', @var_pin_id, '2016-01-02');		COMMIT;
BEGIN; INSERT into pins (name, latitude, longitude, date_added, creator, pin_type) VALUES ( 'SPAULDING MTN ','45.00278','-70.33389','2016-01-02', '1', 'peak'); SET @var_pin_id = LAST_INSERT_ID(); 	INSERT into peaks (pin_id, elevation_ft) VALUES (@var_pin_id, '4010');		INSERT into list_linker (list_id, user_id, pin_id, link_date) VALUES (2, '1', @var_pin_id, '2016-01-02');	INSERT into list_linker (list_id, user_id, pin_id, link_date) VALUES (3, '1', @var_pin_id, '2016-01-02');		COMMIT;
BEGIN; INSERT into pins (name, latitude, longitude, date_added, creator, pin_type) VALUES ( 'MT ABRAHAM ','44.12028','-72.93667','2016-01-02', '1', 'peak'); SET @var_pin_id = LAST_INSERT_ID(); 	INSERT into peaks (pin_id, elevation_ft) VALUES (@var_pin_id, '4006');		INSERT into list_linker (list_id, user_id, pin_id, link_date) VALUES (2, '1', @var_pin_id, '2016-01-02');	INSERT into list_linker (list_id, user_id, pin_id, link_date) VALUES (3, '1', @var_pin_id, '2016-01-02');		COMMIT;
BEGIN; INSERT into pins (name, latitude, longitude, date_added, creator, pin_type) VALUES ( 'MT WAUMBEK ','44.4325','-71.41778','2016-01-02', '1', 'peak'); SET @var_pin_id = LAST_INSERT_ID(); 	INSERT into peaks (pin_id, elevation_ft) VALUES (@var_pin_id, '4006');	INSERT into list_linker (list_id, user_id, pin_id, link_date) VALUES (1, '1', @var_pin_id, '2016-01-02');	INSERT into list_linker (list_id, user_id, pin_id, link_date) VALUES (2, '1', @var_pin_id, '2016-01-02');	INSERT into list_linker (list_id, user_id, pin_id, link_date) VALUES (3, '1', @var_pin_id, '2016-01-02');		COMMIT;
BEGIN; INSERT into pins (name, latitude, longitude, date_added, creator, pin_type) VALUES ( 'MT ISOLATION ','44.21472','-71.31','2016-01-02', '1', 'peak'); SET @var_pin_id = LAST_INSERT_ID(); 	INSERT into peaks (pin_id, elevation_ft) VALUES (@var_pin_id, '4004');	INSERT into list_linker (list_id, user_id, pin_id, link_date) VALUES (1, '1', @var_pin_id, '2016-01-02');	INSERT into list_linker (list_id, user_id, pin_id, link_date) VALUES (2, '1', @var_pin_id, '2016-01-02');	INSERT into list_linker (list_id, user_id, pin_id, link_date) VALUES (3, '1', @var_pin_id, '2016-01-02');		COMMIT;
BEGIN; INSERT into pins (name, latitude, longitude, date_added, creator, pin_type) VALUES ( 'MT TECUMSEH ','43.96639','-71.55694','2016-01-02', '1', 'peak'); SET @var_pin_id = LAST_INSERT_ID(); 	INSERT into peaks (pin_id, elevation_ft) VALUES (@var_pin_id, '4003');	INSERT into list_linker (list_id, user_id, pin_id, link_date) VALUES (1, '1', @var_pin_id, '2016-01-02');	INSERT into list_linker (list_id, user_id, pin_id, link_date) VALUES (2, '1', @var_pin_id, '2016-01-02');	INSERT into list_linker (list_id, user_id, pin_id, link_date) VALUES (3, '1', @var_pin_id, '2016-01-02');		COMMIT;
BEGIN; INSERT into pins (name, latitude, longitude, date_added, creator, pin_type) VALUES ( 'SANDWICH MTN ','43.90028','-71.49861','2016-01-02', '1', 'peak'); SET @var_pin_id = LAST_INSERT_ID(); 	INSERT into peaks (pin_id, elevation_ft) VALUES (@var_pin_id, '3980');	INSERT into list_linker (list_id, user_id, pin_id, link_date) VALUES (1, '1', @var_pin_id, '2016-01-02');	INSERT into list_linker (list_id, user_id, pin_id, link_date) VALUES (2, '1', @var_pin_id, '2016-01-02');	INSERT into list_linker (list_id, user_id, pin_id, link_date) VALUES (3, '1', @var_pin_id, '2016-01-02');		COMMIT;
BEGIN; INSERT into pins (name, latitude, longitude, date_added, creator, pin_type) VALUES ( 'SOUTH BROTHER ','45.94417','-69.00222','2016-01-02', '1', 'peak'); SET @var_pin_id = LAST_INSERT_ID(); 	INSERT into peaks (pin_id, elevation_ft) VALUES (@var_pin_id, '3970');		INSERT into list_linker (list_id, user_id, pin_id, link_date) VALUES (2, '1', @var_pin_id, '2016-01-02');	INSERT into list_linker (list_id, user_id, pin_id, link_date) VALUES (3, '1', @var_pin_id, '2016-01-02');		COMMIT;
BEGIN; INSERT into pins (name, latitude, longitude, date_added, creator, pin_type) VALUES ( 'SNOW MTN ','45.29139','-70.70972','2016-01-02', '1', 'peak'); SET @var_pin_id = LAST_INSERT_ID(); 	INSERT into peaks (pin_id, elevation_ft) VALUES (@var_pin_id, '3960');		INSERT into list_linker (list_id, user_id, pin_id, link_date) VALUES (2, '1', @var_pin_id, '2016-01-02');	INSERT into list_linker (list_id, user_id, pin_id, link_date) VALUES (3, '1', @var_pin_id, '2016-01-02');		COMMIT;
BEGIN; INSERT into pins (name, latitude, longitude, date_added, creator, pin_type) VALUES ( 'PICO PK ','43.63944','-72.83694','2016-01-02', '1', 'peak'); SET @var_pin_id = LAST_INSERT_ID(); 	INSERT into peaks (pin_id, elevation_ft) VALUES (@var_pin_id, '3957');		INSERT into list_linker (list_id, user_id, pin_id, link_date) VALUES (2, '1', @var_pin_id, '2016-01-02');	INSERT into list_linker (list_id, user_id, pin_id, link_date) VALUES (3, '1', @var_pin_id, '2016-01-02');		COMMIT;
BEGIN; INSERT into pins (name, latitude, longitude, date_added, creator, pin_type) VALUES ( 'THE BULGE ','44.51444','-71.40861','2016-01-02', '1', 'peak'); SET @var_pin_id = LAST_INSERT_ID(); 	INSERT into peaks (pin_id, elevation_ft) VALUES (@var_pin_id, '3950');	INSERT into list_linker (list_id, user_id, pin_id, link_date) VALUES (1, '1', @var_pin_id, '2016-01-02');	INSERT into list_linker (list_id, user_id, pin_id, link_date) VALUES (2, '1', @var_pin_id, '2016-01-02');	INSERT into list_linker (list_id, user_id, pin_id, link_date) VALUES (3, '1', @var_pin_id, '2016-01-02');		COMMIT;
BEGIN; INSERT into pins (name, latitude, longitude, date_added, creator, pin_type) VALUES ( 'STRATTON MTN ','43.08611','-72.92556','2016-01-02', '1', 'peak'); SET @var_pin_id = LAST_INSERT_ID(); 	INSERT into peaks (pin_id, elevation_ft) VALUES (@var_pin_id, '3940');			INSERT into list_linker (list_id, user_id, pin_id, link_date) VALUES (3, '1', @var_pin_id, '2016-01-02');		COMMIT;
BEGIN; INSERT into pins (name, latitude, longitude, date_added, creator, pin_type) VALUES ( 'MT NANCY ','44.12222','-71.405','2016-01-02', '1', 'peak'); SET @var_pin_id = LAST_INSERT_ID(); 	INSERT into peaks (pin_id, elevation_ft) VALUES (@var_pin_id, '3926');			INSERT into list_linker (list_id, user_id, pin_id, link_date) VALUES (3, '1', @var_pin_id, '2016-01-02');		COMMIT;
BEGIN; INSERT into pins (name, latitude, longitude, date_added, creator, pin_type) VALUES ( 'THE HORN ','44.51778','-71.40056','2016-01-02', '1', 'peak'); SET @var_pin_id = LAST_INSERT_ID(); 	INSERT into peaks (pin_id, elevation_ft) VALUES (@var_pin_id, '3905');			INSERT into list_linker (list_id, user_id, pin_id, link_date) VALUES (3, '1', @var_pin_id, '2016-01-02');		COMMIT;
BEGIN; INSERT into pins (name, latitude, longitude, date_added, creator, pin_type) VALUES ( 'MT WEEKS (N PK) ','44.46139','-71.38222','2016-01-02', '1', 'peak'); SET @var_pin_id = LAST_INSERT_ID(); 	INSERT into peaks (pin_id, elevation_ft) VALUES (@var_pin_id, '3901');			INSERT into list_linker (list_id, user_id, pin_id, link_date) VALUES (3, '1', @var_pin_id, '2016-01-02');		COMMIT;
BEGIN; INSERT into pins (name, latitude, longitude, date_added, creator, pin_type) VALUES ( 'MT WEEKS (S PK) ','44.44222','-71.38889','2016-01-02', '1', 'peak'); SET @var_pin_id = LAST_INSERT_ID(); 	INSERT into peaks (pin_id, elevation_ft) VALUES (@var_pin_id, '3885');			INSERT into list_linker (list_id, user_id, pin_id, link_date) VALUES (3, '1', @var_pin_id, '2016-01-02');		COMMIT;
BEGIN; INSERT into pins (name, latitude, longitude, date_added, creator, pin_type) VALUES ( 'THE SLEEPERS (W PK) ','43.95417','-71.43583','2016-01-02', '1', 'peak'); SET @var_pin_id = LAST_INSERT_ID(); 	INSERT into peaks (pin_id, elevation_ft) VALUES (@var_pin_id, '3881');			INSERT into list_linker (list_id, user_id, pin_id, link_date) VALUES (3, '1', @var_pin_id, '2016-01-02');		COMMIT;
BEGIN; INSERT into pins (name, latitude, longitude, date_added, creator, pin_type) VALUES ( 'GOOSE EYE MTN ','44.50278','-71','2016-01-02', '1', 'peak'); SET @var_pin_id = LAST_INSERT_ID(); 	INSERT into peaks (pin_id, elevation_ft) VALUES (@var_pin_id, '3870');			INSERT into list_linker (list_id, user_id, pin_id, link_date) VALUES (3, '1', @var_pin_id, '2016-01-02');		COMMIT;
BEGIN; INSERT into pins (name, latitude, longitude, date_added, creator, pin_type) VALUES ( 'FORT MTN ','45.96194','-68.97528','2016-01-02', '1', 'peak'); SET @var_pin_id = LAST_INSERT_ID(); 	INSERT into peaks (pin_id, elevation_ft) VALUES (@var_pin_id, '3867');			INSERT into list_linker (list_id, user_id, pin_id, link_date) VALUES (3, '1', @var_pin_id, '2016-01-02');		COMMIT;
BEGIN; INSERT into pins (name, latitude, longitude, date_added, creator, pin_type) VALUES ( 'VOSE SPUR ','44.10278','-71.435','2016-01-02', '1', 'peak'); SET @var_pin_id = LAST_INSERT_ID(); 	INSERT into peaks (pin_id, elevation_ft) VALUES (@var_pin_id, '3862');			INSERT into list_linker (list_id, user_id, pin_id, link_date) VALUES (3, '1', @var_pin_id, '2016-01-02');		COMMIT;
BEGIN; INSERT into pins (name, latitude, longitude, date_added, creator, pin_type) VALUES ( 'THE SLEEPERS (E PK) ','43.94667','-71.42583','2016-01-02', '1', 'peak'); SET @var_pin_id = LAST_INSERT_ID(); 	INSERT into peaks (pin_id, elevation_ft) VALUES (@var_pin_id, '3860');			INSERT into list_linker (list_id, user_id, pin_id, link_date) VALUES (3, '1', @var_pin_id, '2016-01-02');		COMMIT;
BEGIN; INSERT into pins (name, latitude, longitude, date_added, creator, pin_type) VALUES ( 'JAY PK ','44.92444','-72.52639','2016-01-02', '1', 'peak'); SET @var_pin_id = LAST_INSERT_ID(); 	INSERT into peaks (pin_id, elevation_ft) VALUES (@var_pin_id, '3858');			INSERT into list_linker (list_id, user_id, pin_id, link_date) VALUES (3, '1', @var_pin_id, '2016-01-02');		COMMIT;
BEGIN; INSERT into pins (name, latitude, longitude, date_added, creator, pin_type) VALUES ( 'WHITE CAP MTN ','45.23611','-70.81833','2016-01-02', '1', 'peak'); SET @var_pin_id = LAST_INSERT_ID(); 	INSERT into peaks (pin_id, elevation_ft) VALUES (@var_pin_id, '3856');			INSERT into list_linker (list_id, user_id, pin_id, link_date) VALUES (3, '1', @var_pin_id, '2016-01-02');		COMMIT;
BEGIN; INSERT into pins (name, latitude, longitude, date_added, creator, pin_type) VALUES ( '[UNNAMED BOUNDARY PK (MON. 445)]','45.26722','-70.84167','2016-01-02', '1', 'peak'); SET @var_pin_id = LAST_INSERT_ID(); 	INSERT into peaks (pin_id, elevation_ft) VALUES (@var_pin_id, '3855');			INSERT into list_linker (list_id, user_id, pin_id, link_date) VALUES (3, '1', @var_pin_id, '2016-01-02');		COMMIT;
BEGIN; INSERT into pins (name, latitude, longitude, date_added, creator, pin_type) VALUES ( 'EQUINOX MTN ','43.16583','-73.11806','2016-01-02', '1', 'peak'); SET @var_pin_id = LAST_INSERT_ID(); 	INSERT into peaks (pin_id, elevation_ft) VALUES (@var_pin_id, '3850');			INSERT into list_linker (list_id, user_id, pin_id, link_date) VALUES (3, '1', @var_pin_id, '2016-01-02');		COMMIT;
BEGIN; INSERT into pins (name, latitude, longitude, date_added, creator, pin_type) VALUES ( 'MENDON PK ','43.595','-72.84667','2016-01-02', '1', 'peak'); SET @var_pin_id = LAST_INSERT_ID(); 	INSERT into peaks (pin_id, elevation_ft) VALUES (@var_pin_id, '3840');			INSERT into list_linker (list_id, user_id, pin_id, link_date) VALUES (3, '1', @var_pin_id, '2016-01-02');		COMMIT;
BEGIN; INSERT into pins (name, latitude, longitude, date_added, creator, pin_type) VALUES ( 'BREAD LOAF MTN ','44.00194','-72.94167','2016-01-02', '1', 'peak'); SET @var_pin_id = LAST_INSERT_ID(); 	INSERT into peaks (pin_id, elevation_ft) VALUES (@var_pin_id, '3835');			INSERT into list_linker (list_id, user_id, pin_id, link_date) VALUES (3, '1', @var_pin_id, '2016-01-02');		COMMIT;
BEGIN; INSERT into pins (name, latitude, longitude, date_added, creator, pin_type) VALUES ( '[NUBBLE PK] ','44.22278','-71.56194','2016-01-02', '1', 'peak'); SET @var_pin_id = LAST_INSERT_ID(); 	INSERT into peaks (pin_id, elevation_ft) VALUES (@var_pin_id, '3813');			INSERT into list_linker (list_id, user_id, pin_id, link_date) VALUES (3, '1', @var_pin_id, '2016-01-02');		COMMIT;
BEGIN; INSERT into pins (name, latitude, longitude, date_added, creator, pin_type) VALUES ( 'BIGELOW MTN, THE HORNS (S PK) ','45.145','-70.32361','2016-01-02', '1', 'peak'); SET @var_pin_id = LAST_INSERT_ID(); 	INSERT into peaks (pin_id, elevation_ft) VALUES (@var_pin_id, '3805');			INSERT into list_linker (list_id, user_id, pin_id, link_date) VALUES (3, '1', @var_pin_id, '2016-01-02');		COMMIT;
BEGIN; INSERT into pins (name, latitude, longitude, date_added, creator, pin_type) VALUES ( 'MT COE ','45.93361','-69.00944','2016-01-02', '1', 'peak'); SET @var_pin_id = LAST_INSERT_ID(); 	INSERT into peaks (pin_id, elevation_ft) VALUES (@var_pin_id, '3795');			INSERT into list_linker (list_id, user_id, pin_id, link_date) VALUES (3, '1', @var_pin_id, '2016-01-02');		COMMIT;
BEGIN; INSERT into pins (name, latitude, longitude, date_added, creator, pin_type) VALUES ( 'EAST KENNEBAGO MTN ','45.12167','-70.6','2016-01-02', '1', 'peak'); SET @var_pin_id = LAST_INSERT_ID(); 	INSERT into peaks (pin_id, elevation_ft) VALUES (@var_pin_id, '3791');			INSERT into list_linker (list_id, user_id, pin_id, link_date) VALUES (3, '1', @var_pin_id, '2016-01-02');		COMMIT;
BEGIN; INSERT into pins (name, latitude, longitude, date_added, creator, pin_type) VALUES ( 'BALDPATE MTN, E PK ','44.60917','-70.89278','2016-01-02', '1', 'peak'); SET @var_pin_id = LAST_INSERT_ID(); 	INSERT into peaks (pin_id, elevation_ft) VALUES (@var_pin_id, '3790');			INSERT into list_linker (list_id, user_id, pin_id, link_date) VALUES (3, '1', @var_pin_id, '2016-01-02');		COMMIT;
BEGIN; INSERT into pins (name, latitude, longitude, date_added, creator, pin_type) VALUES ( 'MT WILSON ','44.00472','-72.92611','2016-01-02', '1', 'peak'); SET @var_pin_id = LAST_INSERT_ID(); 	INSERT into peaks (pin_id, elevation_ft) VALUES (@var_pin_id, '3790');			INSERT into list_linker (list_id, user_id, pin_id, link_date) VALUES (3, '1', @var_pin_id, '2016-01-02');		COMMIT;
BEGIN; INSERT into pins (name, latitude, longitude, date_added, creator, pin_type) VALUES ( 'BIG JAY ','44.915','-72.54111','2016-01-02', '1', 'peak'); SET @var_pin_id = LAST_INSERT_ID(); 	INSERT into peaks (pin_id, elevation_ft) VALUES (@var_pin_id, '3786');			INSERT into list_linker (list_id, user_id, pin_id, link_date) VALUES (3, '1', @var_pin_id, '2016-01-02');		COMMIT;
BEGIN; INSERT into pins (name, latitude, longitude, date_added, creator, pin_type) VALUES ( 'SNOW MTN ','45.16917','-70.82722','2016-01-02', '1', 'peak'); SET @var_pin_id = LAST_INSERT_ID(); 	INSERT into peaks (pin_id, elevation_ft) VALUES (@var_pin_id, '3784');			INSERT into list_linker (list_id, user_id, pin_id, link_date) VALUES (3, '1', @var_pin_id, '2016-01-02');		COMMIT;
BEGIN; INSERT into pins (name, latitude, longitude, date_added, creator, pin_type) VALUES ( 'KENNEBAGO DIVIDE (N PK) ','45.2225','-70.81611','2016-01-02', '1', 'peak'); SET @var_pin_id = LAST_INSERT_ID(); 	INSERT into peaks (pin_id, elevation_ft) VALUES (@var_pin_id, '3775');			INSERT into list_linker (list_id, user_id, pin_id, link_date) VALUES (3, '1', @var_pin_id, '2016-01-02');		COMMIT;
BEGIN; INSERT into pins (name, latitude, longitude, date_added, creator, pin_type) VALUES ( 'SCAR RIDGE (W PK) ','44.02917','-71.59583','2016-01-02', '1', 'peak'); SET @var_pin_id = LAST_INSERT_ID(); 	INSERT into peaks (pin_id, elevation_ft) VALUES (@var_pin_id, '3774');			INSERT into list_linker (list_id, user_id, pin_id, link_date) VALUES (3, '1', @var_pin_id, '2016-01-02');		COMMIT;
BEGIN; INSERT into pins (name, latitude, longitude, date_added, creator, pin_type) VALUES ( 'ELEPHANT MTN ','44.76806','-70.78222','2016-01-02', '1', 'peak'); SET @var_pin_id = LAST_INSERT_ID(); 	INSERT into peaks (pin_id, elevation_ft) VALUES (@var_pin_id, '3772');			INSERT into list_linker (list_id, user_id, pin_id, link_date) VALUES (3, '1', @var_pin_id, '2016-01-02');		COMMIT;
						
BEGIN; INSERT into pins (name, latitude, longitude, date_added, creator, pin_type) VALUES ( 'DORSET PK ','43.30917','-73.02861','2016-01-02', '1', 'peak'); SET @var_pin_id = LAST_INSERT_ID(); 	INSERT into peaks (pin_id, elevation_ft) VALUES (@var_pin_id, '3770');	INSERT into list_linker (list_id, user_id, pin_id, link_date) VALUES (1, '1', @var_pin_id, '2016-01-02');	INSERT into list_linker (list_id, user_id, pin_id, link_date) VALUES (2, '1', @var_pin_id, '2016-01-02');	INSERT into list_linker (list_id, user_id, pin_id, link_date) VALUES (3, '1', @var_pin_id, '2016-01-02');		COMMIT;
						
BEGIN; INSERT into pins (name, latitude, longitude, date_added, creator, pin_type) VALUES ( 'CANNON BALLS (NE PK) ','44.15','-71.71056','2016-01-02', '1', 'peak'); SET @var_pin_id = LAST_INSERT_ID(); 	INSERT into peaks (pin_id, elevation_ft) VALUES (@var_pin_id, '3769');	INSERT into list_linker (list_id, user_id, pin_id, link_date) VALUES (1, '1', @var_pin_id, '2016-01-02');	INSERT into list_linker (list_id, user_id, pin_id, link_date) VALUES (2, '1', @var_pin_id, '2016-01-02');	INSERT into list_linker (list_id, user_id, pin_id, link_date) VALUES (3, '1', @var_pin_id, '2016-01-02');		COMMIT;
						
						
		


